{"cameraMode":{"drawMode":0,"name":"Shaded","section":"Shading Mode"},"sceneLighting":false,"audioPlay":false,"sceneViewState":{"showFog":true,"showMaterialUpdate":false,"showSkybox":true,"showFlares":true,"showImageEffects":true,"showParticleSystems":true},"in2DMode":false,"pivot":{"x":0.0013031959533691407,"y":1.5399999618530274,"z":-7.481789588928223},"rotation":{"x":-0.10806022584438324,"y":-0.02624531090259552,"z":0.00285276654176414,"w":-0.993793785572052},"size":4.689327716827393,"orthographic":false}